Organization name,Repo prefix,Username
SMUCSE2341,programming-assignments,ianjjohnson,,
SMUCSE2341,programming-assignments,lazysp333,,
SMUCSE2341,programming-assignments,fontiago,,
SMUCSE2341,programming-assignments,jacquelynrelias,,
SMUCSE2341,programming-assignments,CampbellTomatoSoup,,
SMUCSE2341,programming-assignments,candiceglee,,
SMUCSE2341,programming-assignments,Revan1701G,,
SMUCSE2341,programming-assignments,B0bTh3BuiIder,,
SMUCSE2341,programming-assignments,dishagarg81,,
SMUCSE2341,programming-assignments,dnmunoz,,
SMUCSE2341,programming-assignments,tatedewey,,
SMUCSE2341,programming-assignments,YichenDuan,,
SMUCSE2341,programming-assignments,lingham416,,
SMUCSE2341,programming-assignments,gitMak,,
SMUCSE2341,programming-assignments,LukeWoodSMU,,
SMUCSE2341,programming-assignments,mmdiallo,,
SMUCSE2341,programming-assignments,AJD-,,
SMUCSE2341,programming-assignments,jgalyardt,,
SMUCSE2341,programming-assignments,cogden14,,
SMUCSE2341,programming-assignments,aibarra95,,
SMUCSE2341,programming-assignments,haileyphelps,,
SMUCSE2341,programming-assignments,ncmatson,,
SMUCSE2341,programming-assignments,kellenschmidt,,
SMUCSE2341,programming-assignments,Buddhamon,,
SMUCSE2341,programming-assignments,isobieski,,
SMUCSE2341,programming-assignments,ryanwreed,,
SMUCSE2341,programming-assignments,pllevy14,,
SMUCSE2341,programming-assignments,mominirfan,,
SMUCSE2341,programming-assignments,cmgalloway,,
SMUCSE2341,programming-assignments,lindsmw,,
SMUCSE2341,programming-assignments,katiemaryanderson,,
SMUCSE2341,programming-assignments,ovallner,,
SMUCSE2341,programming-assignments,Firehex,,
SMUCSE2341,programming-assignments,eruggiero,,
SMUCSE2341,programming-assignments,lchansen,,
SMUCSE2341,programming-assignments,Anovosadova,,
SMUCSE2341,programming-assignments,mts4243369,,
SMUCSE2341,programming-assignments,Traian-Pop,,
SMUCSE2341,programming-assignments,JingzhenHu,,
SMUCSE2341,programming-assignments,superrocktopus,,
SMUCSE2341,programming-assignments,justinledford,,
SMUCSE2341,programming-assignments,andy-rash,,
SMUCSE2341,programming-assignments,alyssastills,,
SMUCSE2341,programming-assignments,Arbalest007,,
SMUCSE2341,programming-assignments,maphaiyarath,,
SMUCSE2341,programming-assignments,jakecarlson1,,
SMUCSE2341,programming-assignments,bkirton,,
SMUCSE2341,search-engine-spring-2016,tas,,
SMUCSE2341,search-engine-spring-2015,the-good-at-searching-team,,
SMUCSE2341,search-engine-spring-2014,team-noops,,
SMUCSE2341,search-engine-spring-2013,use-github-don-t-procrastinate,,
SMUCSE2341,search-engine-spring-2012,create-a-new,,
SMUCSE2341,search-engine-spring-2011,fanstasticers-team,,
SMUCSE2341,search-engine-spring-2010,lisa-meg,,
SMUCSE2341,search-engine-spring-2009,team-bing,,
SMUCSE2341,search-engine-spring-2008,drop-date-is-wednesday,,
SMUCSE2341,search-engine-spring-2007,akinano-hachiloku,,
SMUCSE2341,search-engine-spring-2006,y-o-l-o,,
SMUCSE2341,search-engine-spring-2005,daniel-ellis-fan-club,,
SMUCSE2341,search-engine-spring-2004,make-searching-great-again,,
SMUCSE2341,search-engine-spring-2003,procrastinators,,
SMUCSE2341,search-engine-spring-2002,begue,,
SMUCSE2341,search-engine-spring-2001,feelthesearch,,
SMUCSE2341,search-engine-spring-2000,we-re-back-by-popular-demand,,
SMUCSE2341,search-engine-spring-1999,ghost,,
SMUCSE2341,search-engine-spring-1998,forever-alone,,
SMUCSE2341,search-engine-spring-1997,hillary-s-it-support-team,,
SMUCSE2341,CSE2341-16F,CaseyH19,,
SMUCSE2341,CSE2341-16F,austinchenSMU,,
SMUCSE2341,CSE2341-16F,Cragsdale1996,,
SMUCSE2341,CSE2341-16F,Lagombi,,
SMUCSE2341,CSE2341-16F,rrevolinski,,
SMUCSE2341,CSE2341-16F,schenewerkc,,
SMUCSE2341,CSE2341-16F,grifhughes,,
SMUCSE2341,CSE2341-16F,andrescm94,,
SMUCSE2341,CSE2341-16F,seungkilee92,,
SMUCSE2341,CSE2341-16F,keeganpho,,
SMUCSE2341,CSE2341-16F,burrowssean,,
SMUCSE2341,CSE2341-16F,dangnhi169,,
SMUCSE2341,CSE2341-16F,Alann321,,
SMUCSE2341,CSE2341-16F,nihar24,,
SMUCSE2341,CSE2341-16F,spatrickdoyle,,
SMUCSE2341,CSE2341-16F,jmhobbs97,,
SMUCSE2341,CSE2341-16F,jeremybrachle,,
SMUCSE2341,CSE2341-16F,ssurace,,
SMUCSE2341,CSE2341-16F,sgpool,,
SMUCSE2341,CSE2341-16F,kninan,,
SMUCSE2341,CSE2341-16F,muralidharm,,
SMUCSE2341,CSE2341-16F,wposeyjr,,
SMUCSE2341,CSE2341-16F,eschott,,
SMUCSE2341,CSE2341-16F,NathiriRuby,,
SMUCSE2341,CSE2341-16F,wlellington,,
SMUCSE2341,CSE2341-16F,mgwagner,,
SMUCSE2341,CSE2341-16F,njwoodard,,
SMUCSE2341,CSE2341-16F,rjwongtx,,
SMUCSE2341,CSE2341-16F,KPhaxay,,
SMUCSE2341,CSE2341-16F,maphaiyarath,,
SMUCSE2341,CSE2341-16F,jaffeej,,
SMUCSE2341,CSE2341-16F,sglasford,,
SMUCSE2341,CSE2341-16F,egaunt,,
SMUCSE2341,CSE2341-16F,Auwstin,,
SMUCSE2341,CSE2341-16F,luandy64,,
SMUCSE2341,CSE2341-16F,esposama,,
SMUCSE2341,CSE2341-16F,victoriavo,,
SMUCSE2341,CSE2341-16F,teresa201,,
SMUCSE2341,CSE2341-16F,ruil1,,
SMUCSE2341,CSE2341-16F,amcclure,,
SMUCSE2341,CSE2341-16F,mcmurphy2020,,
SMUCSE2341,CSE2341-16F,ndenefe,,
SMUCSE2341,CSE2341-16F,msifontes,,
SMUCSE2341,CSE2341-16F,JBarr96,,
SMUCSE2341,CSE2341-16F,jgalyardt,,
SMUCSE2341,CSE2341-16F,Shaleni,,
SMUCSE2341,CSE2341-16F,CourtneyReynolds,,
SMUCSE2341,CSE2341-16F,mkqueenan,,
SMUCSE2341,CSE2341-16F,mgpigors,,
SMUCSE2341,CSE2341-16F,benjaminmaxey,,
SMUCSE2341,CSE2341-16F,Keedrin,,
SMUCSE2341,CSE2341-16F,dangnhi169,,
SMUCSE2341,CSE2341-16F,wkastner1,,
SMUCSE2341,CSE2341-16F,Saminator5,,
SMUCSE2341,CSE2341-16F,AprilJEvans,,
SMUCSE2341,CSE2341-16F,DamnItJanet,,
SMUCSE2341,CSE2341-16F,mxbrito,,
SMUCSE2341,CSE2341-16F,noralou109,,
SMUCSE2341,CSE2341-16F,Thevisigoth,,
SMUCSE2341,CSE2341-16F,LRichardson96,,
SMUCSE2341,CSE2341-16F,Thakugan,,
SMUCSE2341,CSE2341-16F,nhharris,,
SMUCSE2341,CSE2341-16F,naviox,,
SMUCSE2341,CSE2341-16F,chrisasmussen,,
SMUCSE2341,CSE2341-16F,smutranchi,,
SMUCSE2341,CSE2341-16F,sm-park,,
SMUCSE2341,CSE2341-16F,nstettler95,,
SMUCSE2341,CSE2341-16F,Andyufheil,,
SMUCSE2341,CSE2341-16F,nnoakes,,
SMUCSE2341,CSE2341-16F,aingrando,,
SMUCSE2341,CSE2341-16F,Chivalry100,,
SMUCSE2341,CSE2341-16F,AlejandroElosua,,
SMUCSE2341,CSE2341-16F,isobieski,,
SMUCSE2341,CSE2341-16F,jacobhillman1,,
SMUCSE2341,CSE2341-16F,amoino,,
SMUCSE2341,CSE2341-16F,Arbalest007,,
SMUCSE2341,CSE2341-16F,jevonshaw,,
SMUCSE2341,CSE2341-16F,danpingl,,
SMUCSE2341,CSE2341-16F,kelseyshipman,,
SMUCSE2341,CSE2341-16F,dyashy,,
SMUCSE2341,CSE2341-17S,sm-park,,
SMUCSE2341,CSE2341-17S,Somtobking,,
SMUCSE2341,CSE2341-17S,LegendBegins,,
SMUCSE2341,CSE2341-17S,bombodo,,
SMUCSE2341,CSE2341-17S,spullen,,
SMUCSE2341,CSE2341-17S,rasimon22,,
SMUCSE2341,CSE2341-17S,ciarashaw12,,
SMUCSE2341,CSE2341-17S,DilanTanner,,
SMUCSE2341,CSE2341-17S,AHancock9,,
SMUCSE2341,CSE2341-17S,superrocktopus,,
SMUCSE2341,CSE2341-17S,beatzm97,,
SMUCSE2341,CSE2341-17S,sillyvester,,
SMUCSE2341,CSE2341-17S,smutranchi,,
SMUCSE2341,CSE2341-17S,KPhaxay,,
SMUCSE2341,CSE2341-17S,Matsilinen,,
SMUCSE2341,CSE2341-17S,liberrhythm,,
SMUCSE2341,CSE2341-17S,Keedrin,,
SMUCSE2341,CSE2341-17S,ndenefe,,
SMUCSE2341,CSE2341-17S,naviox,,
SMUCSE2341,CSE2341-17S,nihar24,,
SMUCSE2341,CSE2341-17S,Arthurian97,,
SMUCSE2341,CSE2341-17S,Chroma8523,,
SMUCSE2341,CSE2341-17S,CJRogan,,
SMUCSE2341,CSE2341-17S,LRichardson96,,
SMUCSE2341,CSE2341-17S,CommanderSnow,,
SMUCSE2341,CSE2341-17S,bawia,,
SMUCSE2341,CSE2341-17S,caharper,,
SMUCSE2341,CSE2341-17S,NathiriRuby,,
SMUCSE2341,CSE2341-17S,browerb,,
SMUCSE2341,CSE2341-17S,yidaz,,
SMUCSE2341,CSE2341-17S,rkeehan1,,
SMUCSE2341,CSE2341-17S,avirajs,,
SMUCSE2341,CSE2341-17S,Aingrando,,
SMUCSE2341,CSE2341-17S,sunjolia,,
SMUCSE2341,CSE2341-17S,pyienger,,
SMUCSE2341,CSE2341-17S,Chivalry100,,
SMUCSE2341,CSE2341-17S,ahmedohadi,,
SMUCSE2341,CSE2341-17S,kacarr,,
SMUCSE2341,CSE2341-17S,1genericusername,,
SMUCSE2341,CSE2341-17S,Zlaceygotz,,
SMUCSE2341,CSE2341-17S,tataaphaiyarath,,
SMUCSE2341,CSE2341-17S,Damnitjanet,,
SMUCSE2341,CSE2341-17S,noralou109,,
SMUCSE2341,CSE2341-17S,tgumerson,,
SMUCSE2341,CSE2341-17S,enyiasonye,,
SMUCSE2341,CSE2341-17S,oisincoveney,,
SMUCSE2341,CSE2341-17S,rtumac,,
SMUCSE2341,CSE2341-17S,fervazquez,,
SMUCSE2341,CSE2341-17S,therikshak,,
SMUCSE2341,CSE2341-17S,jgalyardt,,
SMUCSE2341,CSE2341-17S,l1onh3art88,,
SMUCSE2341,CSE2341-17S,sofiapullen,,
SMUCSE2341,CSE2341-17S,TristanKnot,,
SMUCSE2341,CSE2341-17S,CourtneyReynolds,,
SMUCSE2341,CSE2341-17S,psaajc1420,,
SMUCSE2341,CSE2341-17S,Legendary,,
SMUCSE2341,CSE2341-17S,KMS,,
SMUCSE2341,CSE2341-17S,The-Lopsided-River-Goblins,,
SMUCSE2341,CSE2341-17S,Plugged-In,,
SMUCSE2341,CSE2341-17S,PDF-Parser-Peeps,,
SMUCSE2341,CSE2341-17S,EF-Squad,,
SMUCSE2341,CSE2341-17S,Have-mercy,,
SMUCSE2341,CSE2341-17S,Team-Name,,
SMUCSE2341,CSE2341-17S,Team-1,,
SMUCSE2341,CSE2341-17S,Lose-lose-situation,,
SMUCSE2341,CSE2341-17S,Necessity,,
SMUCSE2341,CSE2341-17S,FinalProjectTristanRick,,
SMUCSE2341,CSE2341-17S,ST,,
SMUCSE2341,CSE2341-17S,Solo-Guy,,
